{
  "sharpe": {
    "mean": -0.0804512094997631,
    "std": 0.7433177367863666,
    "ci_low": -0.5149166882814535,
    "ci_high": 0.6570649633620098,
    "min": -0.5808385166996937,
    "max": 1.394521530475962,
    "n": 5
  },
  "gross_sharpe": {
    "mean": 1.489279830190506,
    "std": 0.1550917653016699,
    "ci_low": 1.353502209326872,
    "ci_high": 1.6250574510541398,
    "min": 1.2763455909822852,
    "max": 1.6575578657701164,
    "n": 5
  },
  "sortino": {
    "mean": -0.1012938540903587,
    "std": 1.1149635218017595,
    "ci_low": -0.7393468591149416,
    "ci_high": 1.0116990885028228,
    "min": -0.8004191291360805,
    "max": 2.116473696185464,
    "n": 5
  },
  "calmar": {
    "mean": 0.15993286220067898,
    "std": 0.762051050942948,
    "ci_low": -0.2498926609582898,
    "ci_high": 0.9234193225118588,
    "min": -0.2921678389180913,
    "max": 1.6817536311665195,
    "n": 5
  },
  "max_drawdown": {
    "mean": -0.1981712173887523,
    "std": 0.05621449665460862,
    "ci_low": -0.2383615229578552,
    "ci_high": -0.1445452663822468,
    "min": -0.25705144834356825,
    "max": -0.09260789207725721,
    "n": 5
  },
  "total_return": {
    "mean": -0.022741771934011123,
    "std": 0.18770065555470947,
    "ci_low": -0.13238971453700507,
    "ci_high": 0.16471075232866256,
    "min": -0.14853818124957274,
    "max": 0.350241669224133,
    "n": 5
  },
  "ann_return_geom": {
    "mean": -0.014648068698037453,
    "std": 0.08276839840328355,
    "ci_low": -0.06386530146030953,
    "ci_high": 0.06794131801109324,
    "min": -0.0719091961813042,
    "max": 0.14953571006559052,
    "n": 5
  },
  "ann_volatility": {
    "mean": 0.11134676428722748,
    "std": 0.004387372381120884,
    "ci_low": 0.1074935370589899,
    "ci_high": 0.11477341668700206,
    "min": 0.10382455278664095,
    "max": 0.11670819153071411,
    "n": 5
  },
  "win_rate": {
    "mean": 0.4887661141804788,
    "std": 0.017571801755987566,
    "ci_low": 0.4751381215469614,
    "ci_high": 0.5042357274401473,
    "min": 0.4714548802946593,
    "max": 0.5193370165745856,
    "n": 5
  },
  "mean_turnover": {
    "mean": 0.3521034222921564,
    "std": 0.15160697729896536,
    "ci_low": 0.20045484082604922,
    "ci_high": 0.4366831153345264,
    "min": 0.049834495636722,
    "max": 0.447154682481333,
    "n": 5
  },
  "mean_hhi": {
    "mean": 0.09204536629243917,
    "std": 0.0187902591826593,
    "ci_low": 0.07321928848135849,
    "ci_high": 0.10325334535749713,
    "min": 0.05482183271333382,
    "max": 0.10444216753477652,
    "n": 5
  },
  "mean_active_share": {
    "mean": 0.33507710904562227,
    "std": 0.08670521583087969,
    "ci_low": 0.24773587624862978,
    "ci_high": 0.3820338673842659,
    "min": 0.1619644818605522,
    "max": 0.3851010908878976,
    "n": 5
  },
  "is_sharpe": {
    "mean": -0.3312604612818456,
    "std": 0.4961924990864378,
    "ci_low": -0.6457462941409369,
    "ci_high": 0.17125144790633512,
    "min": -0.7184596281687333,
    "max": 0.6432032752433868,
    "n": 5
  }
}