{
  "sharpe": {
    "mean": 0.0816929338043119,
    "std": 0.6539669351432316,
    "ci_low": -0.46805819720804037,
    "ci_high": 0.6314440648166643,
    "min": -0.7753489520972768,
    "max": 0.9587420686787952,
    "n": 5
  },
  "gross_sharpe": {
    "mean": 1.3871415670057943,
    "std": 0.2698350288950282,
    "ci_low": 1.1682889718385456,
    "ci_high": 1.6430257061503162,
    "min": 1.1238603306527806,
    "max": 1.8101400485421173,
    "n": 5
  },
  "sortino": {
    "mean": 0.1417596223998202,
    "std": 0.994408607302585,
    "ci_low": -0.6894215334183088,
    "ci_high": 0.9792548748963108,
    "min": -1.1493326237735844,
    "max": 1.4536098755397862,
    "n": 5
  },
  "calmar": {
    "mean": 0.19831782064888287,
    "std": 0.5140088114512991,
    "ci_low": -0.22432490868273025,
    "ci_high": 0.6569934747383284,
    "min": -0.3423142610610032,
    "max": 0.9084170841423173,
    "n": 5
  },
  "max_drawdown": {
    "mean": -0.16660365331056504,
    "std": 0.04732019922572196,
    "ci_low": -0.20645287169496504,
    "ci_high": -0.12782481819986408,
    "min": -0.24270466511845215,
    "max": -0.11289427784136692,
    "n": 5
  },
  "total_return": {
    "mean": 0.016692786917504355,
    "std": 0.15829604165183567,
    "ci_low": -0.11311044519719855,
    "ci_high": 0.15107979044836098,
    "min": -0.18158911252922227,
    "max": 0.23424701619275679,
    "n": 5
  },
  "ann_return_geom": {
    "mean": 0.004700162187950019,
    "std": 0.07244033329827997,
    "ci_low": -0.05590522188597682,
    "ci_high": 0.06542174192695846,
    "min": -0.08880561332888415,
    "max": 0.10260167434505574,
    "n": 5
  },
  "ann_volatility": {
    "mean": 0.11001305571660318,
    "std": 0.0022383688692845425,
    "ci_low": 0.10814984712251914,
    "ci_high": 0.1120096117651365,
    "min": 0.10775134762125463,
    "max": 0.11340958265772867,
    "n": 5
  },
  "win_rate": {
    "mean": 0.4869244935543279,
    "std": 0.020887582878464567,
    "ci_low": 0.4666666666666667,
    "ci_high": 0.5016574585635359,
    "min": 0.44751381215469616,
    "max": 0.5082872928176796,
    "n": 5
  },
  "mean_turnover": {
    "mean": 0.28615223090678105,
    "std": 0.09408952232744863,
    "ci_low": 0.2094083179822655,
    "ci_high": 0.3628961438312966,
    "min": 0.18247957931296355,
    "max": 0.4374510634436173,
    "n": 5
  },
  "mean_hhi": {
    "mean": 0.08731455232103655,
    "std": 0.011226213380716747,
    "ci_low": 0.07752431394832762,
    "ci_high": 0.09710479069374547,
    "min": 0.07214197470540948,
    "max": 0.10214847131109214,
    "n": 5
  },
  "mean_active_share": {
    "mean": 0.3354858981362889,
    "std": 0.028953382711394672,
    "ci_low": 0.3127310853620514,
    "ci_high": 0.36082462060807974,
    "min": 0.3013732468114933,
    "max": 0.3840250092563215,
    "n": 5
  },
  "is_sharpe": {
    "mean": 0.022271778398546004,
    "std": 0.4811176050471053,
    "ci_low": -0.41444951865136853,
    "ci_high": 0.38730227867292466,
    "min": -0.844782908369769,
    "max": 0.5093387761428833,
    "n": 5
  }
}