{
  "Equal Weight": {
    "sharpe": 1.6256090827247518,
    "sortino": 2.453448894521812,
    "calmar": 2.02703784129839,
    "max_drawdown": -0.09039842076642916,
    "total_return": 0.42050829584162086,
    "ann_return": 0.1832410196871661,
    "ann_volatility": 0.10353872047191,
    "win_rate": 0.5359116022099447,
    "final_value": 1420508.2958416208
  },
  "SPY/QQQ 60/40": {
    "sharpe": 1.9797291671602486,
    "sortino": 2.931248257077194,
    "calmar": 3.3264939452692572,
    "max_drawdown": -0.10134326438092761,
    "total_return": 0.7811378304818826,
    "ann_return": 0.3371177553569773,
    "ann_volatility": 0.14683013090323213,
    "win_rate": 0.573076923076923,
    "final_value": 1781137.8304818827
  },
  "Momentum 12-1": {
    "sharpe": 0.8898153288151605,
    "sortino": 1.2271729141489267,
    "calmar": 0.9167371715078392,
    "max_drawdown": -0.15708103692762165,
    "total_return": 0.30377689953040243,
    "ann_return": 0.1440020254905463,
    "ann_volatility": 0.15123203243642355,
    "win_rate": 0.5211786372007366,
    "final_value": 1303776.8995304024
  },
  "Min Variance (static)": {
    "sharpe": 1.048674438068978,
    "sortino": 1.5798836274896972,
    "calmar": 1.3247837762010306,
    "max_drawdown": -0.10601999478674172,
    "total_return": 0.30512407918761775,
    "ann_return": 0.14045356904639328,
    "ann_volatility": 0.1253585702970941,
    "win_rate": 0.5267034990791897,
    "final_value": 1305124.0791876176
  },
  "Max Sharpe MVO (static)": {
    "sharpe": 1.4628024533244772,
    "sortino": 2.2020787283103207,
    "calmar": 2.5032914858650916,
    "max_drawdown": -0.10831631651664007,
    "total_return": 0.6290962847632768,
    "ann_return": 0.2711473129163735,
    "ann_volatility": 0.16409196866570536,
    "win_rate": 0.5359116022099447,
    "final_value": 1629096.2847632768
  },
  "SPY Buy&Hold": {
    "sharpe": 1.9171890849406077,
    "sortino": 2.8131465405367924,
    "calmar": 2.797340047905664,
    "max_drawdown": -0.09974327094761547,
    "total_return": 0.6336189029413652,
    "ann_return": 0.2790158463308703,
    "ann_volatility": 0.12842296745562742,
    "win_rate": 0.5769230769230769,
    "final_value": 1630351.6651354781
  },
  "60/40 SPY/AGG": {
    "sharpe": 1.8700586257249256,
    "sortino": 2.878582388002358,
    "calmar": 2.2124543986486205,
    "max_drawdown": -0.07770945961853244,
    "total_return": 0.37705609168272347,
    "ann_return": 0.17192863574962947,
    "ann_volatility": 0.08486405037132193,
    "win_rate": 0.5538461538461539,
    "final_value": 1377056.0916827235
  },
  "Risk Parity": {
    "sharpe": 1.6938035210202,
    "sortino": 2.5711751397154945,
    "calmar": 2.1438892122447246,
    "max_drawdown": -0.08409016956186739,
    "total_return": 0.4145899457623392,
    "ann_return": 0.18028000737951722,
    "ann_volatility": 0.09788988260965586,
    "win_rate": 0.5340699815837937,
    "final_value": 1414589.9457623393
  },
  "Rolling MVO-LW (min-var)": {
    "sharpe": 1.3404302169392552,
    "sortino": 1.9820437048057993,
    "calmar": 1.6236341859024337,
    "max_drawdown": -0.08496157039277064,
    "total_return": 0.307915982305077,
    "ann_return": 0.13794651017765847,
    "ann_volatility": 0.0964305851789098,
    "win_rate": 0.5230202578268877,
    "final_value": 1307915.982305077
  },
  "Rolling MVO-LW (max-Sharpe)": {
    "sharpe": 1.611988390007252,
    "sortino": 2.4354649080661677,
    "calmar": 2.2930504714099342,
    "max_drawdown": -0.08727474597619889,
    "total_return": 0.4612540455306524,
    "ann_return": 0.20012539740290514,
    "ann_volatility": 0.11320931125948468,
    "win_rate": 0.5395948434622467,
    "final_value": 1461254.0455306524
  }
}