{
  "Equal Weight": {
    "sharpe": 1.6256090827247518,
    "sortino": 2.453448894521812,
    "calmar": 2.02703784129839,
    "max_drawdown": -0.09039842076642916,
    "total_return": 0.42050829584162086,
    "ann_return": 0.1832410196871661,
    "ann_volatility": 0.10353872047191,
    "win_rate": 0.5359116022099447,
    "final_value": 1420508.2958416208
  },
  "SPY/QQQ 60/40": {
    "sharpe": 1.9797272942070612,
    "sortino": 2.931246535625096,
    "calmar": 3.3264917090444874,
    "max_drawdown": -0.10134330128455149,
    "total_return": 0.7811374912201314,
    "ann_return": 0.3371176514902581,
    "ann_volatility": 0.14683023053150815,
    "win_rate": 0.573076923076923,
    "final_value": 1781137.4912201315
  },
  "Momentum 12-1": {
    "sharpe": 0.8898153288151605,
    "sortino": 1.2271729141489267,
    "calmar": 0.9167371715078392,
    "max_drawdown": -0.15708103692762165,
    "total_return": 0.30377689953040243,
    "ann_return": 0.1440020254905463,
    "ann_volatility": 0.15123203243642355,
    "win_rate": 0.5211786372007366,
    "final_value": 1303776.8995304024
  },
  "Min Variance": {
    "sharpe": 1.048674438068978,
    "sortino": 1.5798836274896972,
    "calmar": 1.3247837762010306,
    "max_drawdown": -0.10601999478674172,
    "total_return": 0.30512407918761775,
    "ann_return": 0.14045356904639328,
    "ann_volatility": 0.1253585702970941,
    "win_rate": 0.5267034990791897,
    "final_value": 1305124.0791876176
  },
  "Max Sharpe MVO": {
    "sharpe": 1.4628024533244772,
    "sortino": 2.2020787283103207,
    "calmar": 2.5032914858650916,
    "max_drawdown": -0.10831631651664007,
    "total_return": 0.6290962847632768,
    "ann_return": 0.2711473129163735,
    "ann_volatility": 0.16409196866570536,
    "win_rate": 0.5359116022099447,
    "final_value": 1629096.2847632768
  }
}