seed,sharpe,gross_sharpe,sortino,calmar,max_drawdown,total_return,ann_return_geom,ann_return_arith,ann_volatility,win_rate,final_value,mean_turnover,mean_hhi,mean_active_share,near_uniform,is_sharpe,is_gross_sharpe,is_total_return,final_alpha,final_policy_entropy
0,-0.20749127219242483,1.2071964726762459,-0.31301003175190173,-0.13422984110158961,-0.17326896047353718,-0.06252007675447946,-0.02951712058690148,0.146730446603212,0.11340958265772867,0.49171270718232046,937479.9232455206,0.318419646508668,0.09664220085019355,0.3506748284599406,False,-0.0472376442904189,0.8536515152012681,-0.10677626608606372,9.205837975291118,-63.688106696032015
1,-0.2910509048266118,1.1238603306527806,-0.4335014355921409,-0.16769959523512787,-0.18411707569794417,-0.07697253593897713,-0.03648937025531118,0.12883974832448208,0.10775134762125463,0.4880294659300184,923027.4640610229,0.30273929925191234,0.07769750559233157,0.3195525270335815,False,0.07024749594121263,0.876814407792258,-0.03398100267826443,1.1259019018380134,-63.61160279381424
2,0.7236137294590778,1.6012471205523662,1.1510323275769418,0.7274157164998177,-0.11289427784136692,0.17029864361744385,0.07571124076579117,0.1906144164589001,0.10908503745153596,0.4990791896869245,1170298.6436174437,0.18967156601674395,0.08794260914615598,0.3218038791201074,False,0.42379317256882204,0.9172195125526698,0.2217695764956169,3.941755848899173,-63.63373769937868
3,-0.7753489520972768,1.193263862605461,-1.1493326237735844,-0.3423142610610032,-0.24270466511845215,-0.18158911252922227,-0.08880561332888415,0.14307082035357133,0.11184836067256153,0.44751381215469616,818410.8874707777,0.4374510634436173,0.10214847131109214,0.3840250092563215,False,-0.844782908369769,0.5134544603983615,-0.47305561915329164,14.923596742919157,-63.65099501311364
4,0.9587420686787952,1.8101400485421173,1.4536098755397862,0.9084170841423173,-0.12003328742152469,0.23424701619275679,0.10260167434505574,0.21580962931762526,0.10797095017993504,0.5082872928176796,1234247.0161927568,0.18247957931296355,0.07214197470540948,0.3013732468114933,False,0.5093387761428833,0.9262484144637528,0.3096193519450583,9.84885973260532,-63.77555900223564
