{
  "regimes": {
    "COVID crash/recovery": {
      "sharpe": {
        "mean": 1.293732124490584,
        "std": 0.4222725719095351,
        "ci_low": 0.9551614588376588,
        "ci_high": 1.6331721254307736,
        "min": 0.6111401268347683,
        "max": 1.9855814521273112,
        "n": 6
      },
      "gross_sharpe": {
        "mean": 2.2686133691767747,
        "std": 0.32771091432045085,
        "ci_low": 2.03280821038088,
        "ci_high": 2.5545543119464704,
        "min": 1.8395770017585036,
        "max": 2.8796552310876176,
        "n": 6
      },
      "sortino": {
        "mean": 1.9973619410290224,
        "std": 0.713428574706003,
        "ci_low": 1.4287431162685025,
        "ci_high": 2.576232865744005,
        "min": 0.8246051461511439,
        "max": 3.209227775775132,
        "n": 6
      },
      "calmar": {
        "mean": 3.5622954069129347,
        "std": 1.5809385645068976,
        "ci_low": 2.299544920143898,
        "ci_high": 4.796740128468165,
        "min": 1.1714017117456224,
        "max": 5.655700615335628,
        "n": 6
      },
      "max_drawdown": {
        "mean": -0.09785824834285912,
        "std": 0.009782481069799079,
        "ci_low": -0.10523850575655541,
        "ci_high": -0.0896259374920128,
        "min": -0.10959290502399406,
        "max": -0.08034874582653112,
        "n": 6
      },
      "total_return": {
        "mean": 0.14768456229237295,
        "std": 0.059871384656600815,
        "ci_low": 0.09607001749023832,
        "ci_high": 0.19244373452419553,
        "min": 0.04640359099853364,
        "max": 0.20203867090857353,
        "n": 6
      },
      "ann_volatility": {
        "mean": 0.22004291554402045,
        "std": 0.045869180647068054,
        "ci_low": 0.1859544662149609,
        "ci_high": 0.2561120512946132,
        "min": 0.16825297514514087,
        "max": 0.28431695169169846,
        "n": 6
      },
      "win_rate": {
        "mean": 0.5095905386603061,
        "std": 0.023896138482938912,
        "ci_low": 0.490290200755317,
        "ci_high": 0.5275988869012124,
        "min": 0.4728682170542636,
        "max": 0.5307692307692308,
        "n": 6
      },
      "mean_turnover": {
        "mean": 0.41577234864798024,
        "std": 0.05000213925124589,
        "ci_low": 0.37481706773165574,
        "ci_high": 0.45480649836424386,
        "min": 0.3354881646471683,
        "max": 0.4857533464971661,
        "n": 6
      },
      "mean_hhi": {
        "mean": 0.11427247042199667,
        "std": 0.028607602878408436,
        "ci_low": 0.09446067228901368,
        "ci_high": 0.13934719755038247,
        "min": 0.08188841373745692,
        "max": 0.1716614642601945,
        "n": 6
      },
      "mean_active_share": {
        "mean": 0.3820090278655328,
        "std": 0.038529485225533365,
        "ci_low": 0.35515662900799055,
        "ci_high": 0.4165954919722837,
        "min": 0.3380800333937979,
        "max": 0.4581637140534719,
        "n": 6
      },
      "ew_sharpe": {
        "mean": 2.3868767985989843,
        "std": 0.2781713940913848,
        "ci_low": 2.201429202538061,
        "ci_high": 2.5723243946599075,
        "min": 2.1087054045075995,
        "max": 2.665048192690369,
        "n": 6
      },
      "jk_sharpe_diff_annual": {
        "mean": -1.0931446741084005,
        "std": 0.5473843505541903,
        "ci_low": -1.5702281840325953,
        "ci_high": -0.6958156364583195,
        "min": -2.0539080658556013,
        "max": -0.5658483316029761,
        "n": 6
      },
      "_counts": {
        "n_folds": 6,
        "n_beat_equal_weight": 0,
        "frac_beat_equal_weight": 0.0,
        "n_jk_tests": 6,
        "n_significant_5pct": 5,
        "frac_significant_5pct": 0.8333333333333334,
        "median_jk_p": 0.006056661726935086,
        "mean_sharpe_diff_annual": -1.0931446741084005,
        "std_sharpe_diff_annual": 0.5473843505541903
      }
    },
    "2021 bull": {
      "sharpe": {
        "mean": -0.9720957792225269,
        "std": 0.40281902055420055,
        "ci_low": -1.2786234577825957,
        "ci_high": -0.6416967992890018,
        "min": -1.477965744941874,
        "max": -0.30380212305559573,
        "n": 6
      },
      "gross_sharpe": {
        "mean": 0.6821367019762722,
        "std": 0.29446332547835463,
        "ci_low": 0.4409568839002278,
        "ci_high": 0.892573981771973,
        "min": 0.13249266372758794,
        "max": 1.0860158365661055,
        "n": 6
      },
      "sortino": {
        "mean": -1.386291111057111,
        "std": 0.5788459106451609,
        "ci_low": -1.8280811558558847,
        "ci_high": -0.9123925817649584,
        "min": -2.2101312701810274,
        "max": -0.47534507006473903,
        "n": 6
      },
      "calmar": {
        "mean": -0.99703963572036,
        "std": 0.3606738620497577,
        "ci_low": -1.2685059297896628,
        "ci_high": -0.7031803200014543,
        "min": -1.4563587159175002,
        "max": -0.43512343074269544,
        "n": 6
      },
      "max_drawdown": {
        "mean": -0.1163833879767663,
        "std": 0.027793133111496223,
        "ci_low": -0.14027279317224164,
        "ci_high": -0.09529458235276177,
        "min": -0.16259125748918232,
        "max": -0.0875813998563878,
        "n": 6
      },
      "total_return": {
        "mean": -0.06463263607022736,
        "std": 0.02440410161702833,
        "ci_low": -0.08588160347131939,
        "ci_high": -0.046283297679977,
        "min": -0.1099732576166974,
        "max": -0.029421518921216028,
        "n": 6
      },
      "ann_volatility": {
        "mean": 0.13009719808596512,
        "std": 0.021023872073592017,
        "ci_low": 0.11512429079808266,
        "ci_high": 0.14555747977503464,
        "min": 0.10769588480792415,
        "max": 0.15329741426803165,
        "n": 6
      },
      "win_rate": {
        "mean": 0.4685052673424766,
        "std": 0.022873624000585614,
        "ci_low": 0.45118266746173724,
        "ci_high": 0.4877658517193401,
        "min": 0.43846153846153846,
        "max": 0.5116279069767442,
        "n": 6
      },
      "mean_turnover": {
        "mean": 0.41924056967354484,
        "std": 0.0265894863889978,
        "ci_low": 0.4003379050136571,
        "ci_high": 0.44281109074340425,
        "min": 0.3941218261179389,
        "max": 0.4684695812624016,
        "n": 6
      },
      "mean_hhi": {
        "mean": 0.08150938755293495,
        "std": 0.011246075783561738,
        "ci_low": 0.07418507857307156,
        "ci_high": 0.0915809510707621,
        "min": 0.07185250519626689,
        "max": 0.10470087861787841,
        "n": 6
      },
      "mean_active_share": {
        "mean": 0.3507007216523422,
        "std": 0.025123985244994717,
        "ci_low": 0.33293051100845916,
        "ci_high": 0.3730659941463603,
        "min": 0.3282912527966007,
        "max": 0.39698055110219194,
        "n": 6
      },
      "ew_sharpe": {
        "mean": 0.7080531952678627,
        "std": 0.02169804837985001,
        "ci_low": 0.693587829681296,
        "ci_high": 0.7225185608544292,
        "min": 0.6863551468880126,
        "max": 0.7297512436477126,
        "n": 6
      },
      "jk_sharpe_diff_annual": {
        "mean": -1.680148974490389,
        "std": 0.39350071215973914,
        "ci_low": -1.9794439702571751,
        "ci_high": -1.3569826773501477,
        "min": -2.207716988589586,
        "max": -1.0335533667033083,
        "n": 6
      },
      "_counts": {
        "n_folds": 6,
        "n_beat_equal_weight": 0,
        "frac_beat_equal_weight": 0.0,
        "n_jk_tests": 6,
        "n_significant_5pct": 6,
        "frac_significant_5pct": 1.0,
        "median_jk_p": 3.2121567439258314e-06,
        "mean_sharpe_diff_annual": -1.680148974490389,
        "std_sharpe_diff_annual": 0.39350071215973914
      }
    },
    "2022 bear (rate shock)": {
      "sharpe": {
        "mean": -1.4099306420010913,
        "std": 1.4648451414137573,
        "ci_low": -2.4443193136587404,