{
  "batch_size": 128,
  "gamma": 0.9544540646729238,
  "hidden_size": 128,
  "lr_actor": 4.430749968075304e-05,
  "lr_alpha": 0.00011101978931241884,
  "lr_critic": 0.0004289144742760388,
  "tau": 0.0003041172402445443,
  "tune_episodes": 15
}