{
  "gamma": 0.989292148357197,
  "tau": 0.007031699770378616,
  "lr_actor": 3.406124707212943e-05,
  "lr_critic": 0.00011963790935917404,
  "lr_alpha": 7.682554643764796e-05,
  "batch_size": 128,
  "hidden_size": 512,
  "tune_episodes": 15,
  "seed": 42
}